{"initial_reset_timestamp": 1549820027.466173, "timestamps": [1549820052.35569, 1549820090.071772, 1549820095.777497, 1549820101.7491617, 1549820110.707054, 1549820117.145869, 1549820124.1686466, 1549820133.760235, 1549820153.293375, 1549820159.2490964], "episode_lengths": [487, 749, 339, 358, 537, 386, 419, 575, 387, 354], "episode_rewards": [193.82981619345858, 198.24430423239113, 231.89625443685728, 243.1325473046072, 194.36966030225412, 255.04519955851475, 205.8935934949261, 204.68309270448384, 261.9596129863114, 233.1268265331067], "episode_types": ["t", "t", "t", "t", "t", "t", "t", "t", "t", "t"]}